Date,fedfunds,nonfarm,indpro,SP500,ty10,unemploy,recession
1959-01-31,2.48,52478.0,22.625,55.450001,,4068.0,0.0
1959-02-28,2.43,52688.0,23.0681,55.41,,3965.0,
1959-03-31,2.8,53014.0,23.4004,55.439999,,3801.0,
1959-04-30,2.96,53321.0,23.8989,57.59,,3571.0,0.0
1959-05-31,2.9,53550.0,24.2589,58.68,,3479.0,
1959-06-30,3.39,53681.0,24.2866,58.470001,,3429.0,
1959-07-31,3.47,53804.0,23.705,60.509997999999996,,3528.0,0.0
1959-08-31,3.5,53336.0,22.9019,59.599998,,3588.0,
1959-09-30,3.76,53428.0,22.8743,56.880001,,3775.0,
1959-10-31,3.98,53358.0,22.7081,57.52,,3910.0,0.0
1959-11-30,4.0,53634.0,22.8466,58.279999,,4003.0,
1959-12-31,3.99,54174.0,24.2589,59.889998999999996,,3653.0,
1960-01-31,3.99,54274.0,24.8958,55.610001000000004,,3615.0,0.0
1960-02-29,3.97,54513.0,24.6743,56.119999,,3329.0,
1960-03-31,3.84,54454.0,24.4528,55.34,,3726.0,
1960-04-30,3.92,54813.0,24.2589,54.369999,,3620.0,1.0
1960-05-31,3.85,54475.0,24.2312,55.830002,,3569.0,
1960-06-30,3.32,54348.0,23.9266,56.919998,,3766.0,
1960-07-31,3.23,54306.0,23.8435,55.509997999999996,,3836.0,1.0
1960-08-31,2.98,54272.0,23.8158,56.959998999999996,,3946.0,
1960-09-30,2.6,54227.0,23.5666,53.52,,3884.0,
1960-10-31,2.47,54142.0,23.5389,53.389998999999996,,4252.0,1.0
1960-11-30,2.44,53961.0,23.2066,55.540001000000004,,4330.0,
1960-12-31,1.98,53742.0,22.7635,58.110001000000004,,4617.0,
1961-01-31,1.45,53683.0,22.7912,61.779999,,4671.0,0.0
1961-02-28,2.54,53557.0,22.7635,63.439999,,4832.0,
1961-03-31,2.02,53659.0,22.902,65.059998,,4853.0,
1961-04-30,1.49,53627.0,23.3727,65.309998,,4893.0,0.0
1961-05-31,1.98,53786.0,23.7327,66.559998,,5003.0,
1961-06-30,1.73,53977.0,24.065,64.639999,,4885.0,
1961-07-31,1.17,54123.0,24.342,66.760002,,4928.0,0.0
1961-08-31,2.0,54298.0,24.5635,68.07,,4682.0,
1961-09-30,1.88,54388.0,24.5358,66.730003,,4676.0,
1961-10-31,2.26,54522.0,25.0066,68.620003,,4573.0,0.0
1961-11-30,2.61,54742.0,25.3943,71.32,,4295.0,
1961-12-31,2.33,54872.0,25.6158,71.550003,,4177.0,
1962-01-31,2.15,54891.0,25.3943,68.839996,4.083181818181818,4081.0,0.0
1962-02-28,2.37,55188.0,25.8097,69.959999,4.061666666666667,3871.0,
1962-03-31,2.85,55275.0,25.9482,69.550003,3.9486363636363646,3921.0,
1962-04-30,2.78,55602.0,26.0035,65.239998,3.843,3906.0,0.0
1962-05-31,2.36,55628.0,25.9758,59.630001,3.8736363636363644,3863.0,
1962-06-30,2.68,55644.0,25.9205,54.75,3.918571428571428,3844.0,
1962-07-31,2.71,55746.0,26.1697,58.23,4.071428571428571,3819.0,0.0
1962-08-31,2.93,55838.0,26.1974,59.119999,3.984347826086956,4013.0,
1962-09-30,2.9,55978.0,26.3635,56.27,4.010526315789473,3961.0,
1962-10-31,2.9,56041.0,26.3912,56.52,3.9254545454545453,3803.0,0.0
1962-11-30,2.94,56056.0,26.502,62.259997999999996,3.9157894736842107,4024.0,
1962-12-31,2.93,56028.0,26.502,63.099998,3.8644999999999996,3907.0,
1963-01-31,2.92,56115.0,26.6958,66.199997,3.833636363636364,4074.0,0.0
1963-02-28,3.0,56230.0,27.0005,64.290001,3.921111111111111,4238.0,
1963-03-31,2.98,56320.0,27.1666,66.57,3.9285714285714284,4072.0,
1963-04-30,2.9,56580.0,27.4159,69.800003,4.009047619047619,4055.0,0.0
1963-05-31,3.0,56616.0,27.7482,70.800003,3.9299999999999997,4217.0,
1963-06-30,2.99,56659.0,27.8313,69.370003,4.093000000000002,3977.0,
1963-07-31,3.02,56794.0,27.7205,69.129997,4.038636363636363,4051.0,0.0
1963-08-31,3.49,56910.0,27.7759,72.5,4.093181818181819,3878.0,
1963-09-30,3.48,57078.0,28.0528,71.699997,4.077499999999999,3957.0,
1963-10-31,3.5,57283.0,28.2466,74.010002,4.1060869565217395,3987.0,0.0
1963-11-30,3.48,57255.0,28.3851,73.230003,4.121764705882352,4151.0,
1963-12-31,3.38,57361.0,28.3297,75.019997,4.128571428571429,3975.0,
1964-01-31,3.48,57487.0,28.579,77.040001,4.166818181818183,4029.0,0.0
1964-02-29,3.48,57753.0,28.7728,77.800003,4.145555555555556,3932.0,
1964-03-31,3.43,57897.0,28.7728,78.980003,4.219523809523811,3950.0,
1964-04-30,3.47,57922.0,29.2436,79.459999,4.232272727272728,3918.0,0.0
1964-05-31,3.5,58089.0,29.4098,80.370003,4.199999999999999,3764.0,
1964-06-30,3.5,58219.0,29.4928,81.690002,4.170000000000002,3814.0,
1964-07-31,3.42,58412.0,29.6867,83.18,4.1859090909090915,3608.0,0.0
1964-08-31,3.5,58619.0,29.8805,81.83000200000001,4.193809523809523,3655.0,
1964-09-30,3.45,58903.0,29.9913,84.18,4.203809523809523,3712.0,
1964-10-31,3.36,58793.0,29.5759,84.860001,4.188095238095238,3726.0,0.0
1964-11-30,3.52,59218.0,30.4898,84.41999799999999,4.152777777777779,3551.0,
1964-12-31,3.85,59421.0,30.8498,84.75,4.179545454545454,3651.0,
1965-01-31,3.9,59582.0,31.1821,87.559998,4.1895,3572.0,0.0
1965-02-28,3.98,59800.0,31.376,87.43,4.211111111111111,3730.0,
1965-03-31,4.04,60003.0,31.7913,86.160004,4.210434782608695,3510.0,
1965-04-30,4.09,60259.0,31.9298,89.110001,4.2038095238095226,3595.0,0.0
1965-05-31,4.1,60491.0,32.179,88.41999799999999,4.2115,3432.0,
1965-06-30,4.04,60690.0,32.4283,84.120003,4.213181818181819,3387.0,
1965-07-31,4.09,60965.0,32.7329,85.25,4.204761904761906,3301.0,0.0
1965-08-31,4.12,61228.0,32.8713,87.16999799999999,4.252272727272726,3254.0,
1965-09-30,4.01,61490.0,32.9544,89.959999,4.29047619047619,3216.0,
1965-10-31,4.08,61719.0,33.2868,92.41999799999999,4.3495,3143.0,0.0
1965-11-30,4.1,61996.0,33.4252,91.610001,4.448947368421053,3073.0,
1965-12-31,4.32,62322.0,33.8406,92.43,4.615454545454547,3031.0,
1966-01-31,4.42,62529.0,34.1729,92.879997,4.612380952380952,2988.0,0.0
1966-02-28,4.6,62796.0,34.3945,91.220001,4.832105263157896,2820.0,
1966-03-31,4.65,63192.0,34.8652,89.230003,4.890869565217392,2887.0,
1966-04-30,4.67,63437.0,34.9206,91.059998,4.75,2828.0,0.0
1966-05-31,4.9,63712.0,35.2529,86.129997,4.778571428571428,2950.0,
1966-06-30,5.17,64111.0,35.4191,84.739998,4.814545454545454,2872.0,
1966-07-31,5.3,64301.0,35.6129,83.599998,5.017999999999999,2876.0,0.0
1966-08-31,5.53,64507.0,35.6406,77.099998,5.224347826086958,2900.0,
1966-09-30,5.4,64643.0,35.9729,76.559998,5.182380952380952,2798.0,
1966-10-31,5.53,64854.0,36.2221,80.199997,5.0215,2798.0,0.0
1966-11-30,5.76,65019.0,35.9729,80.449997,5.155263157894738,2770.0,
1966-12-31,5.4,65199.0,36.056,80.33000200000001,4.8428571428571425,2912.0,
1967-01-31,4.94,65407.0,36.2261,86.610001,4.579047619047619,2968.0,0.0
1967-02-28,5.0,65429.0,35.8152,86.779999,4.626666666666667,2915.0,
1967-03-31,4.53,65530.0,35.6133,90.199997,4.541818181818181,2889.0,
1967-04-30,4.05,65466.0,35.9492,94.010002,4.593500000000001,2895.0,0.0
1967-05-31,3.94,65620.0,35.6356,89.08000200000001,4.847727272727273,2929.0,
1967-06-30,3.98,65750.0,35.6311,90.639999,5.0227272727272725,2992.0,
1967-07-31,3.79,65888.0,35.55,94.75,5.159000000000001,2944.0,0.0
1967-08-31,3.9,66143.0,36.2311,93.639999,5.275652173913043,2945.0,
1967-09-30,3.99,66164.0,36.1723,96.709999,5.3020000000000005,2958.0,
1967-10-31,3.88,66225.0,36.4669,93.300003,5.480952380952381,3143.0,0.0
1967-11-30,4.13,66703.0,36.9884,94.0,5.753500000000001,3066.0,
1967-12-31,4.51,66900.0,37.3868,96.470001,5.699000000000001,3018.0,
1968-01-31,4.6,66804.0,37.3465,92.239998,5.528636363636364,2878.0,0.0
1968-02-29,4.71,67215.0,37.4804,89.360001,5.563684210526316,3001.0,
1968-03-31,5.05,67295.0,37.5974,90.199997,5.74,2877.0,
1968-04-30,5.76,67556.0,37.6518,97.459999,5.6385,2709.0,0.0
1968-05-31,6.11,67652.0,38.0741,98.68,5.869545454545454,2740.0,
1968-06-30,6.07,67905.0,38.214,99.58000200000001,5.718,2938.0,
1968-07-31,6.02,68126.0,38.1554,97.739998,5.495454545454546,2883.0,0.0
1968-08-31,6.03,68330.0,38.2619,98.860001,5.420454545454545,2768.0,
1968-09-30,5.78,68484.0,38.4068,102.66999799999999,5.46,2686.0,
1968-10-31,5.91,68721.0,38.483,103.410004,5.582608695652173,2689.0,0.0
1968-11-30,5.82,68984.0,38.9808,108.370003,5.696111111111112,2715.0,
1968-12-31,6.02,69248.0,39.1039,103.860001,6.041428571428572,2685.0,
1969-01-31,6.3,69439.0,39.3405,103.010002,6.041818181818183,2718.0,0.0
1969-02-28,6.61,69699.0,39.5922,98.129997,6.188947368421052,2692.0,
1969-03-31,6.79,69905.0,39.9027,101.510002,6.295999999999999,2712.0,
1969-04-30,7.41,70072.0,39.7559,103.690002,6.173333333333333,2758.0,0.0
1969-05-31,8.67,70328.0,39.6056,103.459999,6.323333333333333,2713.0,
1969-06-30,8.9,70636.0,39.9925,97.709999,6.574285714285713,2816.0,
1969-07-31,8.61,70729.0,40.2037,91.83000200000001,6.71952380952381,2868.0,0.0
1969-08-31,9.19,71008.0,40.2961,95.510002,6.691428571428573,2856.0,
1969-09-30,9.15,70914.0,40.287,93.120003,7.159523809523808,3040.0,
1969-10-31,9.0,71121.0,40.2988,97.120003,7.113636363636362,3049.0,1.0
1969-11-30,8.85,71086.0,39.9189,93.809998,7.144117647058825,2856.0,
1969-12-31,8.97,71241.0,39.8118,92.059998,7.65409090909091,2884.0,
1970-01-31,8.98,71176.0,39.0746,85.019997,7.794761904761903,3201.0,1.0
1970-02-28,8.98,71305.0,39.0488,89.5,7.238333333333334,3453.0,
1970-03-31,7.76,71451.0,38.9981,89.629997,7.072857142857144,3635.0,
1970-04-30,8.1,71348.0,38.8979,81.519997,7.390909090909091,3797.0,1.0
1970-05-31,7.94,71124.0,38.8525,76.550003,7.906190476190475,3919.0,
1970-06-30,7.6,71029.0,38.7269,72.720001,7.841818181818184,4071.0,
1970-07-31,7.21,71053.0,38.8219,78.050003,7.457272727272726,4175.0,1.0
1970-08-31,6.61,70937.0,38.7527,81.519997,7.5271428571428585,4256.0,
1970-09-30,6.29,70944.0,38.4856,84.300003,7.38952380952381,4456.0,
1970-10-31,6.2,70521.0,37.7157,83.25,7.326666666666666,4591.0,0.0
1970-11-30,5.6,70409.0,37.4873,87.199997,6.852222222222222,4898.0,
1970-12-31,4.9,70792.0,38.3482,92.150002,6.391363636363637,5076.0,
1971-01-31,4.14,70865.0,38.6432,95.879997,6.238500000000001,4986.0,0.0
1971-02-28,3.72,70807.0,38.5695,96.75,6.112222222222223,4903.0,
1971-03-31,3.71,70860.0,38.5278,100.309998,5.7034782608695656,4987.0,
1971-04-30,4.15,71036.0,38.7441,103.949997,5.852857142857142,4959.0,0.0
1971-05-31,4.63,71247.0,38.9407,99.629997,6.3925,4996.0,
1971-06-30,4.91,71254.0,39.104,98.699997,6.5222727272727266,4949.0,
1971-07-31,5.31,71315.0,38.9905,95.58000200000001,6.729523809523809,5035.0,0.0
1971-08-31,5.56,71373.0,38.7642,99.029999,6.582727272727274,5134.0,
1971-09-30,5.55,71614.0,39.3942,98.339996,6.149047619047619,5042.0,
1971-10-31,5.2,71642.0,39.6891,94.230003,5.936315789473684,4954.0,0.0
1971-11-30,4.91,71847.0,39.8576,93.989998,5.81,5161.0,
1971-12-31,4.14,72109.0,40.3177,102.089996,5.935454545454546,5154.0,
1972-01-31,3.5,72441.0,41.2876,103.940002,5.947619047619047,5019.0,0.0
1972-02-29,3.29,72648.0,41.6865,106.57,6.081,4928.0,
1972-03-31,3.83,72944.0,41.9746,107.199997,6.068636363636363,5038.0,
1972-04-30,4.17,73162.0,42.4183,107.66999799999999,6.194499999999999,4959.0,0.0
1972-05-31,4.27,73469.0,42.3963,109.529999,6.126363636363636,4922.0,
1972-06-30,4.46,73758.0,42.5166,107.139999,6.1068181818181815,4923.0,
1972-07-31,4.55,73709.0,42.498,107.389999,6.113,4913.0,0.0
1972-08-31,4.8,74141.0,43.0629,111.089996,6.2104347826086945,4939.0,
1972-09-30,4.87,74264.0,43.3918,110.550003,6.5495,4849.0,
1972-10-31,5.04,74674.0,43.9718,111.58000200000001,6.4795,4875.0,0.0
1972-11-30,5.06,74973.0,44.4919,116.66999799999999,6.280499999999999,4602.0,
1972-12-31,5.33,75268.0,45.0015,118.050003,6.358500000000001,4543.0,
1973-01-31,5.94,75617.0,45.2942,116.029999,6.464545454545455,4326.0,0.0
1973-02-28,6.58,76014.0,45.9656,111.68,6.635555555555555,4452.0,
1973-03-31,7.09,76284.0,45.9872,111.519997,6.70909090909091,4394.0,
1973-04-30,7.12,76455.0,45.9237,106.970001,6.668499999999999,4459.0,0.0
1973-05-31,7.84,76648.0,46.2192,104.949997,6.847272727272728,4329.0,
1973-06-30,8.49,76887.0,46.2509,104.260002,6.899999999999999,4363.0,
1973-07-31,10.4,76913.0,46.4421,108.220001,7.130952380952381,4305.0,0.0
1973-08-31,10.5,77168.0,46.3648,104.25,7.404782608695651,4305.0,
1973-09-30,10.78,77276.0,46.7803,108.43,7.101052631578947,4350.0,
1973-10-31,10.01,77607.0,47.0954,108.290001,6.794285714285716,4144.0,1.0
1973-11-30,10.03,77920.0,47.3445,95.959999,6.7284999999999995,4396.0,
1973-12-31,9.95,78031.0,47.2315,97.550003,6.743684210526314,4489.0,
1974-01-31,9.65,78100.0,46.8994,96.57,7.01590909090909,4644.0,1.0
1974-02-28,8.97,78254.0,46.7538,96.220001,6.979444444444444,4731.0,
1974-03-31,9.35,78296.0,46.7685,93.980003,7.2090476190476185,4634.0,
1974-04-30,10.51,78382.0,46.6069,90.309998,7.512380952380953,4618.0,1.0
1974-05-31,11.31,78549.0,46.9743,87.279999,7.575909090909093,4705.0,
1974-06-30,11.93,78604.0,46.9233,86.0,7.535499999999997,4927.0,
1974-07-31,12.92,78636.0,46.9464,79.309998,7.804999999999998,5063.0,1.0
1974-08-31,12.01,78619.0,46.4907,72.150002,8.05318181818182,5022.0,
1974-09-30,11.34,78610.0,46.5136,63.540001000000004,8.0375,5437.0,
1974-10-31,10.06,78630.0,46.3401,73.900002,7.896818181818182,5523.0,1.0
1974-11-30,9.45,78265.0,44.8209,69.970001,7.681111111111109,6140.0,
1974-12-31,8.53,77652.0,43.234,68.559998,7.433809523809523,6636.0,
1975-01-31,7.13,77293.0,42.6409,76.980003,7.501363636363638,7501.0,0.0
1975-02-28,6.24,76918.0,41.6602,81.589996,7.392222222222222,7520.0,
1975-03-31,5.54,76648.0,41.2135,83.360001,7.728,7978.0,
1975-04-30,5.49,76460.0,41.246,87.300003,8.226818181818182,8210.0,0.0
1975-05-31,5.22,76624.0,41.1515,91.150002,8.06904761904762,8433.0,
1975-06-30,5.55,76521.0,41.4224,95.190002,7.8704761904761895,8220.0,
1975-07-31,6.1,76770.0,41.8234,88.75,8.061363636363636,8127.0,0.0
1975-08-31,6.14,77153.0,42.2573,86.879997,8.397619047619049,7928.0,
1975-09-30,6.24,77228.0,42.7796,83.870003,8.426666666666666,7923.0,
1975-10-31,5.82,77540.0,42.9687,89.040001,8.15590909090909,7897.0,0.0
1975-11-30,5.22,77685.0,43.0614,91.239998,8.05294117647059,7794.0,
1975-12-31,5.2,78017.0,43.5973,90.190002,8.005909090909089,7744.0,
1976-01-31,4.87,78503.0,44.2288,100.860001,7.7423809523809535,7534.0,0.0
1976-02-29,4.77,78816.0,44.6725,99.709999,7.792777777777778,7326.0,
1976-03-31,4.84,79048.0,44.7125,102.769997,7.734347826086955,7230.0,
1976-04-30,4.82,79292.0,44.9643,101.639999,7.564285714285714,7330.0,0.0
1976-05-31,5.29,79312.0,45.1741,100.18,7.905000000000001,7053.0,
1976-06-30,5.48,79376.0,45.183,104.279999,7.861363636363638,7322.0,
1976-07-31,5.31,79547.0,45.4535,103.440002,7.831904761904762,7490.0,0.0
1976-08-31,5.29,79704.0,45.7737,102.910004,7.7686363636363645,7518.0,
1976-09-30,5.25,79892.0,45.9031,105.239998,7.594285714285715,7380.0,
1976-10-31,5.02,79911.0,45.9207,102.900002,7.411,7430.0,0.0
1976-11-30,4.95,80240.0,46.5978,102.099998,7.291052631578946,7620.0,
1976-12-31,4.65,80448.0,47.0854,107.459999,6.869090909090909,7545.0,
1977-01-31,4.61,80690.0,46.8276,102.029999,7.213333333333336,7280.0,0.0
1977-02-28,4.68,80988.0,47.5417,99.82,7.3910526315789475,7443.0,
1977-03-31,4.69,81391.0,48.131,98.41999799999999,7.459999999999999,7307.0,
1977-04-30,4.73,81728.0,48.5838,98.440002,7.3705,7059.0,0.0
1977-05-31,5.35,82088.0,48.9891,96.120003,7.456666666666664,6911.0,
1977-06-30,5.39,82488.0,49.3428,100.480003,7.2754545454545445,7134.0,
1977-07-31,5.42,82834.0,49.412,98.849998,7.329999999999999,6829.0,0.0
1977-08-31,5.9,83075.0,49.4259,96.769997,7.396521739130436,6925.0,
1977-09-30,6.14,83532.0,49.6639,96.529999,7.343809523809522,6751.0,
1977-10-31,6.47,83800.0,49.7592,92.339996,7.523500000000001,6763.0,0.0
1977-11-30,6.51,84173.0,49.8117,94.83000200000001,7.577368421052633,6815.0,
1977-12-31,6.56,84410.0,49.8949,95.099998,7.685238095238096,6386.0,
1978-01-31,6.7,84594.0,49.2066,89.25,7.965714285714286,6489.0,0.0
1978-02-28,6.78,84948.0,49.4502,87.040001,8.044444444444444,6318.0,
1978-03-31,6.79,85460.0,50.3928,89.209999,8.072272727272727,6337.0,
1978-04-30,6.89,86162.0,51.4368,96.83000200000001,8.154,6180.0,0.0
1978-05-31,7.36,86509.0,51.6276,97.239998,8.345714285714287,6127.0,
1978-06-30,7.6,86950.0,51.9833,95.529999,8.462272727272728,6028.0,
1978-07-31,7.81,87204.0,51.9592,100.68,8.64,6309.0,0.0
1978-08-31,8.04,87483.0,52.1543,103.290001,8.410869565217391,6080.0,
1978-09-30,8.45,87621.0,52.286,102.540001,8.4165,6125.0,
1978-10-31,8.96,87956.0,52.7054,93.150002,8.642380952380952,5947.0,0.0
1978-11-30,9.76,88391.0,53.1047,94.699997,8.805000000000003,6077.0,
1978-12-31,10.03,88671.0,53.3886,96.110001,9.016499999999999,6228.0,
1979-01-31,10.07,88808.0,53.0453,99.93,9.099545454545455,6109.0,0.0
1979-02-28,10.06,89055.0,53.3303,96.279999,9.109444444444444,6173.0,
1979-03-31,10.09,89479.0,53.4973,101.589996,9.117272727272729,6109.0,
1979-04-30,10.01,89417.0,52.8938,101.760002,9.182,6069.0,0.0
1979-05-31,10.24,89789.0,53.3187,99.08000200000001,9.252380952380951,5840.0,
1979-06-30,10.29,90108.0,53.3157,102.910004,8.913809523809524,5959.0,
1979-07-31,10.47,90217.0,53.2433,103.809998,8.950000000000001,5996.0,0.0
1979-08-31,10.94,90300.0,52.8899,109.32,9.064347826086959,6320.0,
1979-09-30,11.43,90327.0,52.9486,109.32,9.334736842105263,6190.0,
1979-10-31,13.77,90481.0,53.239,101.82,10.29909090909091,6296.0,0.0
1979-11-30,13.18,90573.0,53.1918,106.160004,10.663684210526315,6238.0,
1979-12-31,13.78,90672.0,53.2603,107.940002,10.386000000000001,6325.0,
1980-01-31,13.82,90800.0,53.5037,114.160004,10.802272727272726,6683.0,1.0
1980-02-29,14.13,90883.0,53.5053,113.660004,43.990526315789474,6702.0,
1980-03-31,17.19,90994.0,53.3294,102.089996,40.803333333333335,6729.0,
1980-04-30,17.61,90849.0,52.2336,106.290001,11.473333333333333,7358.0,1.0
1980-05-31,10.98,90420.0,50.9638,111.239998,10.181428571428572,7984.0,
1980-06-30,9.47,90101.0,50.3348,114.239998,9.778095238095238,8098.0,
1980-07-31,9.03,89840.0,49.9462,121.66999799999999,10.247727272727273,8363.0,0.0
1980-08-31,9.61,90099.0,50.1256,122.379997,11.101904761904764,8281.0,
1980-09-30,10.87,90213.0,50.9386,125.459999,11.508571428571429,8021.0,
1980-10-31,12.81,90490.0,51.5813,127.470001,11.751363636363633,8088.0,0.0
1980-11-30,15.85,90747.0,52.4717,140.520004,19.58823529411765,8023.0,
1980-12-31,18.9,90943.0,52.7685,135.759995,56.32636363636366,7718.0,
1981-01-31,19.08,91033.0,52.4668,129.550003,12.568571428571431,8071.0,0.0
1981-02-28,15.93,91105.0,52.226,131.270004,99.66944444444445,8051.0,
1981-03-31,14.7,91210.0,52.5025,136.0,99.90045454545454,7982.0,
1981-04-30,15.72,91283.0,52.2691,132.809998,136.79523809523812,7869.0,0.0
1981-05-31,18.52,91296.0,52.5803,132.58999599999999,140.99499999999998,8174.0,
1981-06-30,19.1,91490.0,52.8284,131.21000700000002,134.72272727272727,8098.0,
1981-07-31,19.04,91601.0,53.1751,130.919998,142.80909090909088,7863.0,1.0
1981-08-31,17.82,91565.0,53.1679,122.790001,149.37142857142854,8036.0,
1981-09-30,15.87,91477.0,52.8514,116.18,153.23809523809527,8230.0,
1981-10-31,15.08,91380.0,52.4949,121.889999,151.4809523809524,8646.0,1.0
1981-11-30,13.31,91171.0,51.894,126.349998,120.9777777777778,9029.0,
1981-12-31,12.37,90895.0,51.3274,122.550003,137.24545454545452,9267.0,
1982-01-31,13.22,90565.0,50.3043,120.400002,145.94,9397.0,1.0
1982-02-28,14.78,90563.0,51.3016,113.110001,144.25555555555556,9705.0,
1982-03-31,14.68,90434.0,50.9104,111.959999,138.61304347826086,9895.0,
1982-04-30,14.94,90150.0,50.4627,116.440002,138.7190476190476,10244.0,1.0
1982-05-31,14.45,90107.0,50.138,111.879997,136.225,10335.0,
1982-06-30,14.15,89865.0,49.9692,109.610001,142.99545454545452,10538.0,
1982-07-31,12.59,89521.0,49.8138,107.089996,139.46190476190475,10849.0,1.0
1982-08-31,10.12,89363.0,49.3773,119.510002,74.04636363636364,10881.0,
1982-09-30,10.31,89183.0,49.226,120.41999799999999,12.33904761904762,11217.0,
1982-10-31,9.71,88907.0,48.7874,133.720001,10.906500000000001,11529.0,0.0
1982-11-30,9.2,88786.0,48.592,138.529999,10.550526315789472,11938.0,
1982-12-31,8.95,88771.0,48.2424,140.639999,10.54,12051.0,
1983-01-31,8.68,88990.0,49.1762,145.300003,10.457142857142859,11534.0,0.0
1983-02-28,8.51,88917.0,48.8688,148.059998,10.735263157894737,11545.0,
1983-03-31,8.77,89090.0,49.2654,152.96000700000002,10.506521739130438,11408.0,
1983-04-30,8.8,89364.0,49.8675,164.429993,10.4,11268.0,0.0
1983-05-31,8.63,89644.0,50.2084,162.389999,10.38,11154.0,
1983-06-30,8.98,90021.0,50.5089,167.639999,10.848636363636365,11246.0,
1983-07-31,9.37,90437.0,51.2733,162.559998,11.376999999999999,10548.0,0.0
1983-08-31,9.56,90129.0,51.8454,164.399994,11.846086956521738,10623.0,
1983-09-30,9.45,91247.0,52.6303,166.070007,11.653809523809525,10282.0,
1983-10-31,9.48,91520.0,53.0679,163.550003,11.541,9887.0,0.0
1983-11-30,9.34,91875.0,53.2534,166.399994,11.690000000000003,9499.0,
1983-12-31,9.47,92230.0,53.5343,164.929993,11.82952380952381,9331.0,
1984-01-31,9.56,92673.0,54.6008,163.41000400000001,11.674285714285713,9008.0,0.0
1984-02-29,9.59,93157.0,54.835,157.059998,11.842105263157896,8791.0,
1984-03-31,9.91,93429.0,55.1052,159.179993,12.319090909090905,8746.0,
1984-04-30,10.29,93792.0,55.4514,160.050003,12.6335,8762.0,0.0
1984-05-31,10.32,94098.0,55.7141,150.550003,118.30772727272728,8456.0,
1984-06-30,11.06,94479.0,55.9085,153.179993,135.62857142857143,8226.0,
1984-07-31,11.23,94789.0,56.0842,150.66000400000001,117.01666666666664,8537.0,0.0
1984-08-31,11.64,95032.0,56.1376,166.679993,12.716086956521737,8519.0,
1984-09-30,11.3,95344.0,56.0382,166.100006,12.522631578947369,8367.0,
1984-10-31,9.99,95629.0,55.9459,166.08999599999999,12.160454545454547,8381.0,0.0
1984-11-30,9.43,95982.0,56.1667,163.580002,11.572631578947368,8198.0,
1984-12-31,8.38,96107.0,56.2296,167.240005,11.4995,8358.0,
1985-01-31,8.35,96372.0,56.1398,179.630005,11.384285714285717,8423.0,0.0
1985-02-28,8.5,96503.0,56.3323,181.179993,11.508888888888889,8321.0,
1985-03-31,8.58,96842.0,56.4232,180.66000400000001,11.855238095238096,8339.0,
1985-04-30,8.27,97038.0,56.2693,179.830002,11.434761904761903,8395.0,0.0
1985-05-31,7.97,97312.0,56.3488,189.550003,10.846818181818183,8302.0,
1985-06-30,7.53,97459.0,56.3901,191.850006,10.156,8460.0,
1985-07-31,7.88,97648.0,56.0234,190.919998,10.306818181818182,8513.0,0.0
1985-08-31,7.9,97840.0,56.2555,188.630005,10.331818181818182,8196.0,
1985-09-30,7.92,98045.0,56.4983,182.080002,10.373157894736842,8248.0,
1985-10-31,7.99,98233.0,56.2648,189.820007,10.236818181818181,8298.0,0.0
1985-11-30,8.05,98443.0,56.4549,202.169998,9.781578947368423,8128.0,
1985-12-31,8.27,98609.0,57.0458,211.27999900000003,9.268571428571429,8138.0,
1986-01-31,8.14,98732.0,57.3104,211.77999900000003,9.193809523809524,7795.0,0.0
1986-02-28,7.86,98847.0,56.9344,226.919998,8.714736842105264,8402.0,
1986-03-31,7.48,98934.0,56.542,238.899994,7.778499999999998,8383.0,
1986-04-30,6.99,99121.0,56.5599,235.520004,7.29909090909091,8364.0,0.0
1986-05-31,6.85,99248.0,56.6823,247.350006,7.709523809523809,8439.0,
1986-06-30,6.92,99155.0,56.4976,250.83999599999999,7.799523809523808,8508.0,
1986-07-31,6.56,99473.0,56.814,236.11999500000002,7.303181818181818,8319.0,0.0
1986-08-31,6.17,99588.0,56.7381,252.92999300000002,7.175238095238094,8135.0,
1986-09-30,5.89,99934.0,56.8532,231.32000699999998,7.447619047619048,8310.0,
1986-10-31,5.85,100121.0,57.1191,243.979996,7.426363636363635,8243.0,0.0
1986-11-30,6.04,100308.0,57.3792,249.22000099999997,7.2505555555555565,8159.0,
1986-12-31,6.91,100509.0,57.8623,242.169998,7.112727272727271,7883.0,
1987-01-31,6.43,100678.0,57.685,274.079987,7.084500000000001,7892.0,0.0
1987-02-28,6.1,100919.0,58.4399,284.200012,7.2505263157894735,7865.0,
1987-03-31,6.13,101164.0,58.516,291.700012,7.248636363636364,7862.0,
1987-04-30,6.37,101499.0,58.8851,288.359985,8.022857142857143,7542.0,0.0
1987-05-31,6.85,101728.0,59.2653,290.100006,8.613000000000001,7574.0,
1987-06-30,6.73,101900.0,59.5409,304.0,8.402272727272727,7398.0,
1987-07-31,6.58,102247.0,59.9536,318.660004,8.446818181818182,7268.0,0.0
1987-08-31,6.73,102420.0,60.4517,329.799988,8.769999999999998,7261.0,
1987-09-30,7.22,102647.0,60.6069,321.829987,9.421904761904763,7102.0,
1987-10-31,7.29,103138.0,61.491,251.789993,9.519999999999998,7227.0,0.0
1987-11-30,6.69,103372.0,61.8137,230.30000299999998,8.860526315789471,7035.0,
1987-12-31,6.77,103661.0,62.119,247.080002,8.996818181818183,6936.0,
1988-01-31,6.83,103753.0,62.1469,257.070007,8.665789473684208,6953.0,0.0
1988-02-29,6.58,104214.0,62.4169,267.820007,8.212,6929.0,
1988-03-31,6.58,104489.0,62.5418,258.890015,8.373478260869565,6876.0,
1988-04-30,6.87,104732.0,62.8959,261.329987,8.7185,6601.0,0.0
1988-05-31,7.09,104962.0,62.8223,262.160004,9.098571428571429,6779.0,
1988-06-30,7.51,105326.0,62.9823,273.5,8.921363636363635,6546.0,
1988-07-31,7.75,105550.0,63.0093,272.019989,9.056000000000001,6605.0,0.0
1988-08-31,8.01,105674.0,63.2723,261.519989,9.269130434782609,6843.0,
1988-09-30,8.19,106013.0,63.099,271.910004,8.996190476190474,6604.0,
1988-10-31,8.3,106276.0,63.4122,278.97000099999997,8.7955,6568.0,0.0
1988-11-30,8.35,106617.0,63.5128,273.700012,8.9725,6537.0,
1988-12-31,8.76,106898.0,63.8233,277.72000099999997,9.115238095238096,6518.0,
1989-01-31,9.12,107161.0,64.0153,297.47000099999997,9.121500000000001,6682.0,0.0
1989-02-28,9.36,107427.0,63.7242,288.859985,9.168947368421055,6359.0,
1989-03-31,9.85,107621.0,63.8691,294.869995,9.357727272727272,6205.0,
1989-04-30,9.84,107791.0,63.9124,309.640015,9.175500000000001,6468.0,0.0
1989-05-31,9.81,107913.0,63.4884,320.519989,8.859090909090908,6375.0,
1989-06-30,9.53,108027.0,63.5187,317.980011,8.27727272727273,6577.0,
1989-07-31,9.24,108069.0,62.9354,346.079987,8.0485,6495.0,0.0
1989-08-31,8.99,108120.0,63.5168,351.450012,8.13,6511.0,
1989-09-30,9.02,108369.0,63.2954,349.149994,8.190500000000004,6590.0,
1989-10-31,8.84,108476.0,63.2542,340.359985,8.017142857142856,6630.0,0.0
1989-11-30,8.55,108752.0,63.4616,345.98999,7.883809523809524,6725.0,
1989-12-31,8.45,108836.0,63.8467,353.399994,7.836,6667.0,
1990-01-31,8.23,109199.0,63.4228,329.079987,8.206666666666667,6752.0,0.0
1990-02-28,8.24,109435.0,64.0446,331.890015,8.473157894736843,6651.0,
1990-03-31,8.28,109644.0,64.358,339.940002,8.588636363636365,6598.0,
1990-04-30,8.26,109686.0,64.2602,330.799988,8.7955,6797.0,0.0
1990-05-31,8.18,109839.0,64.3973,361.230011,8.758181818181818,6742.0,
1990-06-30,8.29,109856.0,64.6041,358.019989,8.480000000000002,6590.0,
1990-07-31,8.15,109824.0,64.5205,356.149994,8.471428571428573,6922.0,1.0
1990-08-31,8.13,109616.0,64.7326,322.559998,8.761304347826087,7188.0,
1990-09-30,8.2,109518.0,64.8145,306.049988,8.903684210526315,7368.0,
1990-10-31,8.11,109367.0,64.3274,304.0,8.719545454545454,7459.0,1.0
1990-11-30,7.81,109214.0,63.5753,322.22000099999997,8.392,7764.0,
1990-12-31,7.31,109166.0,63.1594,330.22000099999997,8.085,7901.0,
1991-01-31,6.91,109055.0,62.8852,343.929993,8.102380952380953,8015.0,0.0
1991-02-28,6.25,108734.0,62.4462,367.070007,7.854736842105262,8265.0,
1991-03-31,6.12,108574.0,62.119,375.22000099999997,8.110000000000001,8586.0,
1991-04-30,5.91,108364.0,62.2415,375.339996,8.048181818181819,8439.0,0.0
1991-05-31,5.78,108249.0,62.8646,389.829987,8.067727272727272,8736.0,
1991-06-30,5.9,108334.0,63.4372,371.160004,8.284000000000002,8692.0,
1991-07-31,5.82,108292.0,63.5128,387.809998,8.272727272727272,8586.0,0.0
1991-08-31,5.66,108310.0,63.5671,395.429993,7.8999999999999995,8666.0,
1991-09-30,5.45,108336.0,64.133,387.859985,7.650000000000001,8722.0,
1991-10-31,5.21,108357.0,64.0213,392.450012,7.527272727272727,8842.0,0.0
1991-11-30,4.81,108296.0,63.948,375.22000099999997,7.417368421052631,8931.0,
1991-12-31,4.43,108328.0,63.6937,417.089996,7.088571428571428,9198.0,
1992-01-31,4.03,108369.0,63.3374,408.77999900000003,7.032380952380953,9283.0,0.0
1992-02-29,4.06,108311.0,63.7911,412.700012,7.337894736842106,9454.0,
1992-03-31,3.98,108365.0,64.3212,403.690002,7.542272727272726,9460.0,
1992-04-30,3.73,108519.0,64.8088,414.950012,7.480476190476191,9415.0,0.0
1992-05-31,3.82,108649.0,65.0202,415.350006,7.392000000000001,9744.0,
1992-06-30,3.76,108715.0,65.0295,408.140015,7.26181818181818,10040.0,
1992-07-31,3.25,108793.0,65.6172,424.209991,6.844545454545455,9850.0,0.0
1992-08-31,3.3,108925.0,65.2943,414.02999900000003,6.585714285714286,9787.0,
1992-09-30,3.22,108959.0,65.446,417.799988,6.415238095238097,9781.0,
1992-10-31,3.1,109139.0,65.9369,418.679993,6.589047619047619,9398.0,0.0
1992-11-30,3.09,109272.0,66.2174,431.35000599999995,6.883684210526317,9565.0,
1992-12-31,2.92,109495.0,66.2772,435.709991,6.769999999999999,9557.0,
1993-01-31,3.02,109794.0,66.5643,438.77999900000003,6.6,9325.0,0.0
1993-02-28,3.03,110044.0,66.8594,443.380005,6.258947368421054,9183.0,
1993-03-31,3.07,109994.0,66.7658,451.670013,5.975217391304348,9056.0,
1993-04-30,2.96,110296.0,67.0,440.19000199999994,5.969523809523809,9110.0,0.0
1993-05-31,3.0,110568.0,66.7674,450.19000199999994,6.0355,9149.0,
1993-06-30,3.04,110749.0,66.8781,450.52999900000003,5.962727272727272,9121.0,
1993-07-31,3.06,111055.0,67.0845,448.130005,5.805238095238097,8930.0,0.0
1993-08-31,3.03,111206.0,67.014,463.55999800000006,5.677727272727274,8763.0,
1993-09-30,3.09,111448.0,67.3345,458.92999299999997,5.36,8714.0,
1993-10-31,2.99,111733.0,67.8515,467.829987,5.333999999999999,8750.0,0.0
1993-11-30,3.02,111984.0,68.1326,461.790009,5.724000000000001,8542.0,
1993-12-31,2.96,112314.0,68.5054,466.450012,5.7740909090909085,8477.0,
1994-01-31,3.05,112595.0,68.7648,481.60998499999994,5.750500000000001,8630.0,0.0
1994-02-28,3.25,112781.0,68.7836,467.14001500000006,5.983684210526316,8583.0,
1994-03-31,3.34,113242.0,69.4766,445.76998899999995,6.482608695652175,8470.0,
1994-04-30,3.56,113586.0,69.8703,450.910004,6.972105263157893,8331.0,0.0
1994-05-31,4.01,113921.0,70.2281,456.5,7.183333333333333,7915.0,
1994-06-30,4.25,114238.0,70.6763,444.26998899999995,7.1104545454545445,7927.0,
1994-07-31,4.26,114610.0,70.7846,458.26000999999997,7.298,7946.0,0.0
1994-08-31,4.47,114896.0,71.2053,475.48999000000003,7.236086956521739,7933.0,
1994-09-30,4.73,115247.0,71.4767,462.709991,7.4571428571428555,7734.0,
1994-10-31,4.76,115458.0,72.082,472.35000599999995,7.744,7632.0,0.0
1994-11-30,5.29,115869.0,72.5263,453.69000199999994,7.964999999999999,7375.0,
1994-12-31,5.45,116165.0,73.2879,459.26998899999995,7.813809523809524,7230.0,
1995-01-31,5.53,116501.0,73.4219,470.420013,7.779499999999999,7375.0,0.0
1995-02-28,5.92,116697.0,73.3025,487.39001500000006,7.469473684210527,7187.0,
1995-03-31,5.98,116907.0,73.4081,500.709991,7.204782608695651,7153.0,
1995-04-30,6.05,117069.0,73.3612,514.710022,7.06263157894737,7645.0,0.0
1995-05-31,6.01,117049.0,73.6104,533.400024,6.632727272727272,7430.0,
1995-06-30,6.0,117286.0,73.8602,544.75,6.168181818181818,7427.0,
1995-07-31,5.85,117380.0,73.5664,562.0599980000001,6.2780000000000005,7527.0,0.0
1995-08-31,5.74,117634.0,74.495,561.880005,6.488260869565219,7484.0,
1995-09-30,5.8,117875.0,74.7937,584.409973,6.1975,7478.0,
1995-10-31,5.76,118031.0,74.7017,581.5,6.054285714285715,7328.0,0.0
1995-11-30,5.8,118175.0,74.8897,605.369995,5.949523809523809,7426.0,
1995-12-31,5.6,118320.0,75.1755,615.929993,5.711499999999999,7423.0,
1996-01-31,5.56,118316.0,74.6841,636.02002,5.652380952380953,7491.0,0.0
1996-02-29,5.22,118739.0,75.8344,640.429993,5.8055,7313.0,
1996-03-31,5.31,118993.0,75.7631,645.5,6.268571428571428,7318.0,
1996-04-30,5.22,119158.0,76.4562,654.169983,6.511363636363637,7415.0,0.0
1996-05-31,5.24,119486.0,77.0161,669.119995,6.736818181818182,7423.0,
1996-06-30,5.27,119769.0,77.6669,670.630005,6.911999999999999,7095.0,
1996-07-31,5.4,120015.0,77.5662,639.950012,6.874545454545455,7337.0,0.0
1996-08-31,5.22,120199.0,78.016,651.98999,6.6354545454545475,6882.0,
1996-09-30,5.3,120410.0,78.5532,687.330017,6.831999999999999,6979.0,
1996-10-31,5.24,120665.0,78.5065,705.27002,6.533636363636364,7031.0,0.0
1996-11-30,5.31,120961.0,79.1996,757.02002,6.203684210526316,7236.0,
1996-12-31,5.29,121143.0,79.7143,740.73999,6.302380952380952,7253.0,
1997-01-31,5.25,121363.0,79.8273,786.159973,6.579047619047619,7158.0,0.0
1997-02-28,5.19,121675.0,80.793,790.820007,6.419473684210526,7102.0,
1997-03-31,5.39,121990.0,81.334,757.119995,6.6945,7000.0,
1997-04-30,5.51,122286.0,81.3531,801.340027,6.885454545454547,6873.0,0.0
1997-05-31,5.5,122546.0,81.8293,848.2800289999999,6.71095238095238,6655.0,
1997-06-30,5.56,122814.0,82.2285,885.1400150000001,6.493809523809525,6799.0,
1997-07-31,5.52,123111.0,82.8557,954.3099980000001,6.220454545454545,6655.0,0.0
1997-08-31,5.54,123093.0,83.7214,899.4699710000001,6.298571428571426,6608.0,
1997-09-30,5.54,123585.0,84.4651,947.2800289999999,6.208571428571428,6656.0,
1997-10-31,5.5,123929.0,85.1918,914.6199949999999,6.029545454545456,6454.0,0.0
1997-11-30,5.52,124235.0,85.9397,955.400024,5.874999999999999,6308.0,
1997-12-31,5.5,124549.0,86.2047,970.429993,5.8086363636363645,6476.0,
1998-01-31,5.56,124812.0,86.6474,980.2800289999999,5.544500000000001,6368.0,0.0
1998-02-28,5.51,125016.0,86.7612,1049.339966,5.574736842105264,6306.0,
1998-03-31,5.49,125164.0,86.8198,1101.75,5.647272727272727,6422.0,
1998-04-30,5.45,125442.0,87.1411,1111.75,5.637619047619048,5941.0,0.0
1998-05-31,5.49,125844.0,87.6952,1090.819946,5.652500000000002,6047.0,
1998-06-30,5.56,126076.0,87.145,1133.839966,5.496363636363635,6212.0,
1998-07-31,5.54,126205.0,86.8423,1120.670044,5.461363636363637,6259.0,0.0
1998-08-31,5.55,126544.0,88.6247,957.2800289999999,5.341904761904762,6179.0,
1998-09-30,5.51,126752.0,88.4515,1017.01001,4.806666666666667,6300.0,
1998-10-31,5.07,126954.0,89.1677,1098.670044,4.529999999999999,6280.0,0.0
1998-11-30,4.83,127231.0,89.1098,1163.630005,4.827368421052632,6100.0,
1998-12-31,4.68,127596.0,89.4407,1229.22998,4.6450000000000005,6032.0,
1999-01-31,4.63,127702.0,89.8594,1279.640015,4.7221052631578955,5976.0,0.0
1999-02-28,4.76,128120.0,90.3386,1238.329956,4.998947368421053,6111.0,
1999-03-31,4.81,128227.0,90.4819,1286.369995,5.232608695652173,5783.0,
1999-04-30,4.74,128597.0,90.7274,1335.180054,5.184545454545454,6004.0,0.0
1999-05-31,4.74,128808.0,91.352,1301.839966,5.539499999999999,5796.0,
1999-06-30,4.76,129089.0,91.1994,1372.709961,5.908636363636364,5951.0,
1999-07-31,4.99,129414.0,91.7766,1328.719971,5.791904761904762,6025.0,0.0
1999-08-31,5.07,129569.0,92.1629,1320.410034,5.9390909090909085,5838.0,
1999-09-30,5.22,129772.0,91.774,1282.709961,5.915238095238096,5915.0,
1999-10-31,5.2,130177.0,92.9979,1362.930054,6.122,5778.0,0.0
1999-11-30,5.42,130466.0,93.4371,1388.910034,6.044000000000001,5716.0,
1999-12-31,5.3,130772.0,94.1593,1469.25,6.2754545454545445,5653.0,
2000-01-31,5.45,131005.0,94.1758,1394.459961,6.661000000000001,5708.0,0.0
2000-02-29,5.73,131124.0,94.4557,1366.420044,6.519499999999999,5858.0,
2000-03-31,5.85,131596.0,94.798,1498.579956,6.256521739130435,5733.0,
2000-04-30,6.02,131888.0,95.4808,1452.430054,6.011578947368421,5481.0,0.0
2000-05-31,6.27,132105.0,95.6435,1420.599976,6.440454545454545,5758.0,
2000-06-30,6.53,132061.0,95.7353,1454.599976,6.106363636363636,5651.0,
2000-07-31,6.54,132236.0,95.5906,1430.829956,6.064000000000002,5747.0,0.0
2000-08-31,6.5,132230.0,95.3112,1517.680054,5.834782608695653,5853.0,
2000-09-30,6.52,132353.0,95.679,1436.51001,5.799,5625.0,
2000-10-31,6.51,132351.0,95.397,1429.400024,5.738571428571428,5534.0,0.0
2000-11-30,6.51,132556.0,95.4229,1314.949951,5.717142857142857,5639.0,
2000-12-31,6.4,132709.0,95.1573,1320.280029,5.2405,5634.0,
2001-01-31,5.98,132698.0,94.5448,1366.01001,5.160952380952382,6023.0,1.0
2001-02-28,5.49,132789.0,93.9398,1239.939941,5.098947368421053,6089.0,
2001-03-31,5.31,132747.0,93.7201,1160.329956,4.8945454545454545,6141.0,
2001-04-30,4.8,132463.0,93.4469,1249.459961,5.141,6271.0,1.0
2001-05-31,4.21,132410.0,92.876,1255.819946,5.391363636363636,6226.0,
2001-06-30,3.97,132299.0,92.3208,1224.380005,5.284285714285714,6484.0,
2001-07-31,3.77,132177.0,91.7933,1211.22998,5.236190476190475,6583.0,1.0
2001-08-31,3.65,132028.0,91.6795,1133.579956,4.98,7042.0,
2001-09-30,3.07,131771.0,91.3289,1040.939941,4.731764705882353,7142.0,
2001-10-31,2.49,131454.0,90.9315,1059.780029,4.566818181818181,7694.0,0.0
2001-11-30,2.09,131142.0,90.486,1139.449951,4.6515,8003.0,
2001-12-31,1.82,130982.0,90.5073,1148.079956,5.0875,8258.0,
2002-01-31,1.73,130852.0,91.0794,1130.199951,5.045238095238095,8182.0,0.0
2002-02-28,1.74,130736.0,91.0553,1106.72998,4.911578947368421,8215.0,
2002-03-31,1.73,130717.0,91.798,1147.390015,5.284,8304.0,
2002-04-30,1.75,130623.0,92.1771,1076.920044,5.21090909090909,8599.0,0.0
2002-05-31,1.75,130634.0,92.5668,1067.140015,5.164545454545453,8399.0,
2002-06-30,1.75,130684.0,93.4476,989.820007,4.9265,8393.0,
2002-07-31,1.73,130590.0,93.2237,911.6199949999999,4.653181818181819,8390.0,0.0
2002-08-31,1.74,130587.0,93.2359,916.070007,4.257272727272727,8304.0,
2002-09-30,1.75,130501.0,93.3654,815.280029,3.88,8251.0,
2002-10-31,1.75,130628.0,93.0834,885.76001,3.940909090909091,8307.0,0.0
2002-11-30,1.34,130615.0,93.5693,936.3099980000001,4.048421052631579,8520.0,
2002-12-31,1.24,130472.0,93.1103,879.820007,4.032380952380952,8640.0,
2003-01-31,1.24,130580.0,93.8198,855.7000119999999,4.086666666666668,8520.0,0.0
2003-02-28,1.26,130444.0,93.9532,841.150024,3.902631578947368,8618.0,
2003-03-31,1.25,130232.0,93.7358,848.179993,3.8071428571428574,8588.0,
2003-04-30,1.26,130177.0,93.0657,916.919983,3.977619047619047,8842.0,0.0
2003-05-31,1.26,130196.0,93.0918,963.590027,3.5690476190476197,8957.0,
2003-06-30,1.22,130194.0,93.2476,974.5,3.334285714285715,9266.0,
2003-07-31,1.01,130191.0,93.6582,990.3099980000001,3.9845454545454544,9011.0,0.0
2003-08-31,1.03,130149.0,93.5246,1008.01001,4.445238095238095,8896.0,
2003-09-30,1.01,130254.0,94.0751,995.9699710000001,4.274285714285715,8921.0,
2003-10-31,1.01,130454.0,94.2079,1050.709961,4.290454545454545,8732.0,0.0
2003-11-30,1.0,130474.0,94.9338,1058.199951,4.300000000000001,8576.0,
2003-12-31,0.98,130588.0,94.8662,1111.920044,4.267727272727273,8317.0,
2004-01-31,1.0,130769.0,95.1085,1131.130005,4.150499999999999,8370.0,0.0
2004-02-29,1.01,130825.0,95.6847,1144.939941,4.084210526315789,8167.0,
2004-03-31,1.0,131142.0,95.2088,1126.209961,3.8352173913043477,8491.0,
2004-04-30,1.0,131411.0,95.6385,1107.300049,4.347619047619047,8170.0,0.0
2004-05-31,1.0,131694.0,96.3966,1120.680054,4.7155000000000005,8212.0,
2004-06-30,1.03,131793.0,95.6019,1140.839966,4.733809523809525,8286.0,
2004-07-31,1.26,131848.0,96.3385,1101.719971,4.498095238095239,8136.0,0.0
2004-08-31,1.43,131937.0,96.4095,1104.23999,4.281363636363636,7990.0,
2004-09-30,1.61,132093.0,96.4907,1114.579956,4.135238095238096,7927.0,
2004-10-31,1.76,132447.0,97.4094,1130.199951,4.107,8061.0,0.0
2004-11-30,1.93,132503.0,97.6137,1173.819946,4.194000000000001,7932.0,
2004-12-31,2.16,132624.0,98.3318,1211.920044,4.2309090909090905,7934.0,
2005-01-31,2.28,132774.0,98.7845,1181.27002,4.221500000000001,7784.0,0.0
2005-02-28,2.5,133032.0,99.4639,1203.599976,4.175789473684211,7980.0,
2005-03-31,2.63,133156.0,99.3061,1180.589966,4.497727272727271,7737.0,
2005-04-30,2.79,133518.0,99.4734,1156.849976,4.3409523809523805,7672.0,0.0
2005-05-31,3.0,133690.0,99.6033,1191.5,4.153809523809524,7651.0,
2005-06-30,3.04,133942.0,99.9853,1191.329956,3.9981818181818185,7524.0,
2005-07-31,3.26,134296.0,99.6692,1234.180054,4.1775,7406.0,0.0
2005-08-31,3.5,134498.0,99.9435,1220.329956,4.262608695652174,7345.0,
2005-09-30,3.62,134566.0,98.0779,1228.810059,4.19904761904762,7553.0,
2005-10-31,3.78,134655.0,99.3149,1207.01001,4.463500000000001,7453.0,0.0
2005-11-30,4.0,134993.0,100.3216,1249.47998,4.534999999999999,7566.0,
2005-12-31,4.16,135149.0,100.9437,1248.290039,4.467142857142857,7279.0,
2006-01-31,4.29,135429.0,101.0627,1280.079956,4.416,7064.0,0.0
2006-02-28,4.49,135737.0,101.0669,1280.660034,4.568947368421052,7184.0,
2006-03-31,4.59,136047.0,101.2751,1294.869995,4.7239130434782615,7072.0,
2006-04-30,4.79,136205.0,101.6813,1310.609985,4.990526315789474,7120.0,0.0
2006-05-31,4.94,136244.0,101.579,1270.089966,5.11,6980.0,
2006-06-30,4.99,136325.0,101.9693,1270.199951,5.124545454545455,7001.0,
2006-07-31,5.24,136520.0,101.9319,1276.660034,5.097500000000001,7175.0,0.0
2006-08-31,5.25,136694.0,102.3327,1303.819946,4.885217391304348,7091.0,
2006-09-30,5.25,136843.0,102.1252,1335.849976,4.719,6847.0,
2006-10-31,5.25,136852.0,102.0668,1377.939941,4.72904761904762,6727.0,0.0
2006-11-30,5.25,137063.0,101.9688,1400.630005,4.595238095238095,6872.0,
2006-12-31,5.24,137249.0,103.0292,1418.300049,4.5645,6762.0,
2007-01-31,5.25,137477.0,102.4933,1438.23999,4.7595238095238095,7116.0,0.0
2007-02-28,5.26,137558.0,103.5264,1406.819946,4.722631578947369,6927.0,
2007-03-31,5.26,137793.0,103.7521,1420.859985,4.5645454545454545,6731.0,
2007-04-30,5.25,137842.0,104.4814,1482.369995,4.693809523809523,6850.0,0.0
2007-05-31,5.25,137993.0,104.5322,1530.619995,4.746363636363636,6766.0,
2007-06-30,5.25,138069.0,104.5617,1503.349976,5.102857142857142,6979.0,
2007-07-31,5.26,138038.0,104.5227,1455.27002,5.013809523809523,7149.0,0.0
2007-08-31,5.02,138015.0,104.7556,1473.98999,4.6747826086956525,7067.0,
2007-09-30,4.94,138095.0,105.1611,1526.75,4.52157894736842,7170.0,
2007-10-31,4.76,138174.0,104.7171,1549.380005,4.527727272727272,7237.0,1.0
2007-11-30,4.49,138284.0,105.3338,1481.140015,4.1585,7240.0,
2007-12-31,4.24,138392.0,105.3457,1468.359985,4.0975,7645.0,
2008-01-31,3.94,138403.0,105.0619,1378.550049,3.7442857142857147,7685.0,1.0
2008-02-29,2.98,138324.0,104.7094,1330.630005,3.7375,7497.0,
2008-03-31,2.61,138275.0,104.4616,1322.699951,3.5100000000000002,7822.0,
2008-04-30,2.28,138035.0,103.6704,1385.589966,3.675,7637.0,1.0
2008-05-31,1.98,137858.0,103.0863,1400.380005,3.880000000000001,8395.0,
2008-06-30,2.0,137687.0,102.8445,1280.0,4.0995238095238085,8575.0,
2008-07-31,2.01,137491.0,102.3002,1267.380005,4.007727272727273,8937.0,1.0
2008-08-31,2.0,137213.0,100.7353,1282.829956,3.885714285714286,9438.0,
2008-09-30,1.81,136753.0,96.3666,1166.359985,3.6861904761904754,9494.0,
2008-10-31,0.97,136272.0,97.2832,968.75,3.8231818181818187,10074.0,1.0
2008-11-30,0.39,135545.0,96.0605,896.23999,3.5266666666666673,10538.0,
2008-12-31,0.16,134839.0,93.2521,903.25,2.4163636363636374,11286.0,
2009-01-31,0.15,134055.0,91.0373,825.880005,2.517499999999999,12058.0,1.0
2009-02-28,0.22,133312.0,90.4502,735.090027,2.8700000000000006,12898.0,
2009-03-31,0.18,132512.0,89.016,797.869995,2.819545454545455,13426.0,
2009-04-30,0.15,131817.0,88.3056,872.8099980000001,2.927142857142857,13853.0,0.0
2009-05-31,0.18,131475.0,87.4155,919.1400150000001,3.2930000000000006,14499.0,
2009-06-30,0.21,131008.0,87.0742,919.320007,3.7218181818181817,14707.0,
2009-07-31,0.16,130668.0,88.0323,987.4799800000001,3.5622727272727275,14601.0,0.0
2009-08-31,0.16,130485.0,89.019,1020.6199949999999,3.587142857142857,14814.0,
2009-09-30,0.15,130244.0,89.6926,1057.079956,3.401904761904762,15009.0,
2009-10-31,0.12,130045.0,89.9797,1036.189941,3.3876190476190478,15352.0,0.0
2009-11-30,0.12,130057.0,90.3375,1095.630005,3.402631578947368,15219.0,
2009-12-31,0.12,129788.0,90.6132,1115.099976,3.589999999999999,15098.0,
2010-01-31,0.11,129790.0,91.6642,1073.869995,3.7331578947368427,15046.0,0.0
2010-02-28,0.13,129698.0,91.994,1104.48999,3.691052631578947,15113.0,
2010-03-31,0.16,129879.0,92.5993,1169.430054,3.7273913043478255,15202.0,
2010-04-30,0.2,130110.0,92.9436,1186.689941,3.8468181818181817,15325.0,0.0
2010-05-31,0.2,130650.0,94.2997,1089.410034,3.4199999999999995,14849.0,
2010-06-30,0.18,130511.0,94.4397,1030.709961,3.2040909090909095,14474.0,
2010-07-31,0.18,130427.0,94.8536,1101.599976,3.04,14512.0,0.0
2010-08-31,0.19,130422.0,95.1448,1049.329956,2.6986363636363637,14648.0,
2010-09-30,0.19,130357.0,95.3637,1141.199951,2.6476190476190475,14579.0,
2010-10-31,0.19,130625.0,95.1109,1183.26001,2.54,14516.0,0.0
2010-11-30,0.19,130750.0,95.1383,1180.550049,2.7630000000000003,15081.0,
2010-12-31,0.18,130822.0,96.0599,1257.640015,3.2909090909090906,14348.0,
2011-01-31,0.17,130841.0,95.9364,1286.119995,3.3940000000000006,14013.0,0.0
2011-02-28,0.16,131053.0,95.5154,1327.219971,3.5763157894736834,13820.0,
2011-03-31,0.14,131288.0,96.4643,1325.829956,3.414347826086956,13737.0,
2011-04-30,0.1,131602.0,96.1187,1363.609985,3.4549999999999996,13957.0,0.0
2011-05-31,0.09,131703.0,96.3377,1345.199951,3.168571428571429,13855.0,
2011-06-30,0.09,131939.0,96.6154,1320.640015,3.0113636363636362,13962.0,
2011-07-31,0.07,131999.0,97.1292,1292.280029,3.003,13763.0,0.0
2011-08-31,0.1,132125.0,97.6731,1218.890015,2.303043478260869,13818.0,
2011-09-30,0.08,132358.0,97.6494,1131.420044,2.003809523809524,13948.0,
2011-10-31,0.07,132562.0,98.3222,1253.300049,2.1519999999999997,13594.0,0.0
2011-11-30,0.08,132694.0,98.2433,1246.959961,2.0334999999999996,13302.0,
2011-12-31,0.07,132896.0,98.7876,1257.599976,1.9780952380952384,13093.0,
2012-01-31,0.08,133250.0,99.3925,1312.410034,1.9865,12797.0,0.0
2012-02-29,0.1,133512.0,99.6203,1365.680054,1.9774999999999998,12813.0,
2012-03-31,0.13,133752.0,99.1551,1408.469971,2.1818181818181817,12713.0,
2012-04-30,0.14,133834.0,99.9006,1397.910034,2.081428571428571,12646.0,0.0
2012-05-31,0.16,133934.0,100.0924,1310.329956,1.8031818181818189,12660.0,
2012-06-30,0.16,134007.0,100.0728,1362.160034,1.6223809523809525,12692.0,
2012-07-31,0.16,134159.0,100.3354,1379.319946,1.5266666666666664,12656.0,0.0
2012-08-31,0.13,134331.0,99.856,1406.579956,1.6782608695652175,12471.0,
2012-09-30,0.14,134518.0,99.9049,1440.670044,1.7231578947368422,12115.0,
2012-10-31,0.16,134677.0,100.1167,1412.160034,1.7461904761904758,12124.0,0.0
2012-11-30,0.16,134833.0,100.5991,1416.180054,1.654,12005.0,
2012-12-31,0.16,135072.0,100.9542,1426.189941,1.7189999999999999,12298.0,
2013-01-31,0.14,135263.0,100.8204,1498.109985,1.9242857142857144,12471.0,0.0
2013-02-28,0.15,135541.0,101.3995,1514.680054,2.015789473684211,11950.0,
2013-03-31,0.14,135680.0,101.8114,1569.189941,1.9675,11689.0,
2013-04-30,0.15,135871.0,101.6364,1597.569946,1.7590909090909093,11760.0,0.0
2013-05-31,0.11,136093.0,101.7476,1630.73999,1.9281818181818182,11654.0,
2013-06-30,0.09,136274.0,101.9549,1606.280029,2.3000000000000003,11751.0,
2013-07-31,0.09,136386.0,101.5204,1685.72998,2.5822727272727275,11335.0,0.0
2013-08-31,0.08,136628.0,102.1907,1632.969971,2.7372727272727273,11279.0,
2013-09-30,0.08,136815.0,102.717,1681.550049,2.8095,11270.0,
2013-10-31,0.09,137040.0,102.5371,1756.540039,2.615909090909091,11136.0,0.0
2013-11-30,0.08,137304.0,102.8379,1805.810059,2.7184210526315793,10787.0,
2013-12-31,0.09,137373.0,103.1504,1848.359985,2.9114285714285715,10404.0,
2014-01-31,0.07,137548.0,102.7216,1782.589966,2.8676190476190477,10202.0,0.0
2014-02-28,0.07,137714.0,103.5917,1859.449951,2.7094736842105265,10349.0,
2014-03-31,0.08,137968.0,104.5889,1872.339966,2.7233333333333327,10380.0,
2014-04-30,0.09,138293.0,104.6371,1883.949951,2.705238095238095,9702.0,0.0
2014-05-31,0.09,138511.0,105.0152,1923.569946,2.559047619047619,9859.0,
2014-06-30,0.1,138837.0,105.4081,1960.22998,2.5985714285714288,9460.0,
2014-07-31,0.09,139069.0,105.6157,1930.6700440000002,2.542272727272727,9608.0,0.0
2014-08-31,0.09,139257.0,105.4986,2003.369995,2.42,9599.0,
2014-09-30,0.09,139566.0,105.8138,1972.290039,2.5342857142857147,9262.0,
2014-10-31,0.09,139818.0,105.8357,2018.050049,2.304090909090909,8990.0,0.0
2014-11-30,0.09,140109.0,106.6634,2067.560059,2.325555555555556,9090.0,
2014-12-31,0.12,140377.0,106.5085,2058.899902,2.2072727272727275,8717.0,
2015-01-31,0.11,140568.0,105.9806,1994.9899899999998,1.8814999999999997,8885.0,0.0
2015-02-28,0.11,140839.0,105.4425,2104.5,1.9963157894736843,8599.0,
2015-03-31,0.11,140910.0,105.1464,2067.889893,2.042727272727273,8515.0,
2015-04-30,0.12,141194.0,104.5272,2085.51001,1.9440909090909089,8550.0,0.0
2015-05-31,0.12,141525.0,104.0742,2107.389893,2.1975000000000002,8834.0,
2015-06-30,0.13,141699.0,103.7174,2063.110107,2.3636363636363638,8247.0,
2015-07-31,0.13,142001.0,104.3243,2103.840088,2.3245454545454547,8167.0,0.0
2015-08-31,0.14,142126.0,104.1621,1972.180054,2.167142857142857,7992.0,
2015-09-30,0.14,142281.0,103.7768,1920.030029,2.1728571428571435,7907.0,
2015-10-31,0.12,142587.0,103.3976,2079.360107,2.0699999999999994,7922.0,0.0
2015-11-30,0.12,142824.0,102.6866,2080.409912,2.2631578947368416,8000.0,
2015-12-31,0.24,143097.0,102.1014,2043.939941,2.2427272727272736,7907.0,
2016-01-31,0.34,143170.0,102.9525,1940.2399899999998,2.095789473684211,7721.0,0.0
2016-02-29,0.38,143433.0,102.2225,1932.22998,1.7794999999999999,7746.0,
2016-03-31,0.36,143662.0,101.4155,2059.73999,1.889090909090909,7945.0,
2016-04-30,0.37,143849.0,101.5167,2065.300049,1.8052380952380953,7975.0,0.0
2016-05-31,0.37,143891.0,101.4298,2096.949951,1.8061904761904766,7668.0,
2016-06-30,0.38,144158.0,101.8747,2098.860107,1.6440909090909095,7786.0,
2016-07-31,0.39,144512.0,102.1325,2173.600098,1.504,7658.0,0.0
2016-08-31,0.4,144647.0,102.0407,2170.949951,1.5554434782608695,7809.0,
2016-09-30,0.4,144916.0,102.0477,2168.27002,1.6248227272727276,7967.0,
2016-10-31,0.4,145061.0,102.2485,2126.149902,1.753947619047619,7827.0,0.0
2016-11-30,0.41,145212.0,102.0507,2198.810059,2.1492863636363633,7488.0,
2016-12-31,0.54,145442.0,102.9281,2238.830078,2.4897636363636364,7495.0,
2017-01-31,0.65,145627.0,103.0366,2278.8701170000004,2.425409090909091,7518.0,0.0
2017-02-28,0.66,145815.0,102.6479,2363.639893,2.41515,7399.0,
2017-03-31,0.79,145944.0,103.343,2362.719971,2.4791217391304348,7088.0,
2017-04-30,0.9,146141.0,104.2721,2384.199951,2.285515,7085.0,0.0
2017-05-31,0.91,146296.0,104.4129,2411.800049,2.297082608695652,7059.0,
2017-06-30,1.04,146512.0,104.5849,2423.409912,2.1847,6933.0,
2017-07-31,1.15,146727.0,104.5427,2470.300049,2.3148714285714282,6867.0,0.0
2017-08-31,1.16,146911.0,104.0475,2471.649902,2.2044999999999995,7097.0,
2017-09-30,1.15,146929.0,104.0502,2519.360107,2.1968238095238095,6841.0,
2017-10-31,1.15,147196.0,105.6287,2575.26001,2.356177272727273,6599.0,0.0
2017-11-30,1.16,147421.0,106.193,2584.840088,2.3529952380952373,6697.0,
2017-12-31,1.3,147551.0,106.536,2673.610107,2.4062,6561.0,
2018-01-31,1.41,147672.0,106.2655,2823.810059,2.5821000000000005,6582.0,0.0
2018-02-28,1.42,148078.0,106.6419,2713.830078,2.8597449999999998,6641.0,
2018-03-31,1.51,148254.0,107.2519,2640.8701170000004,2.842218181818182,6493.0,
2018-04-30,1.69,148391.0,108.2223,2648.050049,2.8880952380952385,6418.0,0.0
2018-05-31,1.7,148669.0,107.3639,2705.27002,2.9959090909090906,6209.0,
2018-06-30,1.82,148888.0,108.1707,2718.3701170000004,2.9123809523809525,6519.0,
2018-07-31,1.91,149024.0,108.652,2816.290039,2.8890476190476195,6180.0,0.0
2018-08-31,1.91,149268.0,109.5246,2901.52002,2.8978260869565218,6167.0,
2018-09-30,1.95,149348.0,109.6749,2913.97998,3.004210526315789,6045.0,
2018-10-31,2.19,149549.0,109.9165,2711.73999,3.152272727272728,6123.0,0.0
2018-11-30,2.2,149683.0,110.5067,2760.169922,3.1170000000000004,6034.0,
2018-12-31,2.27,149865.0,110.5516,2506.850098,2.832631578947369,6286.0,
2019-01-31,2.4,150134.0,110.1185,2704.100098,2.713809523809524,6516.0,0.0
2019-02-28,2.4,150135.0,109.5631,2784.48999,2.676315789473684,6181.0,
2019-03-31,2.41,150282.0,109.6811,2834.399902,2.570952380952381,6194.0,
2019-04-30,2.42,150492.0,108.9888,2945.830078,2.532380952380952,5850.0,0.0
2019-05-31,2.39,150577.0,109.2264,2752.060059,2.395,5938.0,
2019-06-30,2.38,150759.0,109.2774,2941.76001,2.0940000000000003,5985.0,
2019-07-31,2.4,150953.0,109.0852,2980.3798829999996,2.059090909090909,6027.0,0.0
2019-08-31,2.13,151160.0,109.8543,2926.459961,1.6263636363636365,5999.0,
2019-09-30,2.04,151368.0,109.4725,2976.73999,1.6994999999999998,5753.0,
2019-10-31,1.83,151553.0,109.027,3037.560059,1.706818181818182,5857.0,1.0
2019-11-30,1.55,151814.0,110.0388,3140.97998,1.8121052631578947,5811.0,
2019-12-31,1.55,151998.0,109.6527,3230.780029,1.862857142857143,5753.0,
